Name,SSN,Number
Devon Moulton,007-86-2963,+1 505-669-6384
Joslyn Hatton,303-32-9448,+1 203-620-7286
Janell Ruiz,680-25-8210,+1 505-811-8439
Louie Hutchins,358-18-2744,+1 239-373-7491
Gunnar Isom,585-86-5715,+1 510-496-8223
Mark Hamlin,314-86-2965,+1 218-551-8450
Tayla Judge,505-44-6281,+1 505-364-2618
Sterling Hyatt,675-40-5320,+1 505-263-2866
Jordy Carrington,003-03-3184,+1 505-978-2178
Randy Garber,527-60-7335,+1 217-491-1797
Addie Watts,264-49-0446,+1 408-382-2836
Zechariah Wheatley,316-02-2841,+1 210-479-2061
Keyon Alves,585-95-2459,+1 217-793-7856
Lisbeth Borges,342-32-6613,+1 217-733-5619
Fernanda Crouch,605-84-9557,+1 209-915-7978
Remington Sarmiento,031-90-1415,+1 505-639-3783
Tyreek Galloway,242-97-1064,+1 410-268-2354
Kendra Varner,209-30-0096,+1 505-644-1233
Peter Toney,429-46-7132,+1 207-389-8002
Blanca Freitas,242-45-8978,+1 505-722-0674
Lindsey Luce,678-14-0132,+1 308-741-4791
Daria Herman,422-72-9130,+1 505-987-8598
Adela Boston,651-58-5753,+1 307-512-9810
Leo Benoit,547-21-8517,+1 505-646-1194
Payton Andre,473-16-0671,+1 505-688-1459
Kelley McCracken,310-25-2225,+1 505-646-3768
Giavanna Croft,652-16-3897,+1 505-273-0492
Hayden Contreras,403-09-4718,+1 225-881-3962
Jesse Halverson,213-03-3330,+1 308-444-5513
Camille Dillard,521-85-3439,+1 505-668-2332
Tristin Fitzsimmons,416-98-7174,+1 505-878-5212
Geneva Adamson,419-68-4534,+1 505-393-8655
Dandre Coble,770-44-4212,+1 213-990-8231
Konnor Rhoads,106-28-9885,+1 425-202-7058
Jensen Kenyon,328-02-5312,+1 502-298-2519
Dion Ling,248-84-7023,+1 302-973-6193
Catherine Browning,233-15-9385,+1 210-896-8982
Ian Fleck,037-54-7905,+1 505-620-0637
Steve Bassett,751-16-7749,+1 505-723-2158
Lilian Rush,336-04-4983,+1 505-300-3280
Austin Briscoe,242-08-4403,+1 505-655-2383
Tyson Ashby,217-87-2320,+1 505-938-7927
Maranda Higdon,518-01-1324,+1 213-307-9773
Piper Hartley,606-56-4930,+1 281-335-1403
Adan Gavin,435-73-7836,+1 229-911-3430
Tracy Gage,601-88-2026,+1 319-814-4090
Arden Parra,047-26-6586,+1 505-644-4149
Kristin Neely,429-58-2589,+1 505-646-6397
Penelope Shipman,516-09-8732,+1 216-896-4639
Camille Otto,505-52-7059,+1 337-763-6109
Tayler Pimentel,003-08-6435,+1 207-246-4034
Jamil Barkley,498-84-6724,+1 414-273-2155
Kali Guthrie,348-72-2054,+1 201-959-2070
Chelsea Mark,590-47-4395,+1 234-296-9611
Chancellor Soto,427-93-6278,+1 505-644-8039
Tommy Tellez,595-88-3064,+1 224-606-4822
Reid Sisk,576-77-8909,+1 505-453-1462
Garret Gregory,025-88-0007,+1 505-507-8715
Emilee Ferguson,306-66-7351,+1 425-607-1699
Esmeralda Krebs,600-99-1211,+1 206-573-4155
Ross Naylor,572-40-0952,+1 505-376-3070
Brook Nagel,429-80-7363,+1 229-229-6771
Cameryn Jacques,152-86-6084,+1 505-644-0911
Susanna Grice,001-36-3353,+1 309-602-4721
Lawrence Patrick,212-17-8677,+1 505-644-8824
Liberty Burkett,256-06-2267,+1 725-320-0176
Aditya Schell,467-22-9105,+1 505-646-0660
Demarcus Finley,245-01-1722,+1 505-990-4221
Joana Wang,769-70-8583,+1 740-639-1790
Walker Heaton,404-04-1049,+1 629-234-6074
Kaiya Flanagan,766-12-1024,+1 505-617-3140
Nadia Brenner,143-11-4883,+1 505-644-1971
Israel Sun,472-48-4076,+1 713-937-7033
Yazmin Christiansen,004-78-2641,+1 304-271-8583
Kimberley Donovan,044-04-0756,+1 212-966-8359
Mauro Outlaw,474-41-0567,+1 505-644-2675
Keyara Lombardo,425-79-5679,+1 505-644-6545
Jabari Gerber,506-41-6747,+1 310-204-9649
Brad Wasson,516-76-4784,+1 220-861-5048
Dora Lassiter,247-65-9025,+1 505-493-0404
Cory Kroll,208-78-8896,+1 505-663-1840
Athena Shelby,222-03-0046,+1 505-269-3008
Jewel Hennessy,751-05-9320,+1 505-530-0762
Alexandrea Mears,576-24-9975,+1 513-747-9639
Harmony Hartley,421-61-2668,+1 318-984-1810
Tyrek Beavers,507-13-1400,+1 505-262-5950
Kierra Kaur,047-32-3821,+1 318-874-7903
Harry Bolden,371-27-3719,+1 505-539-0036
Cooper Abrams,214-05-1116,+1 515-252-3279
Kaiya Gilchrist,380-36-1347,+1 607-712-4247
Jamal Franz,045-60-4514,+1 248-940-4835
Joslyn Talbot,479-58-2390,+1 505-737-6210
Savanna Bobo,403-86-9744,+1 505-646-8738
Hezekiah Haley,220-67-0930,+1 229-632-1778
Lainey Tam,594-82-6545,+1 505-646-1815
Lesly Merriman,516-33-0836,+1 430-567-0377
Amir Tavares,604-54-7388,+1 505-604-6800
Brissa Truong,002-28-7211,+1 248-838-9797
Ivan Rosado,522-39-9674,+1 228-313-8724
Ari Mai,517-74-1178,+1 505-660-7643
Aliah Blum,221-98-4907,+1 220-258-5805
Ella Jansen,040-64-7630,+1 505-644-2527
Giovanny Nance,473-84-2879,+1 505-395-6068
Dulce Amaro,333-66-4661,+1 747-798-5093
Madelin Jolley,303-68-4383,+1 505-644-8945
Davin Smart,255-90-5255,+1 507-756-0242
Janette Grayson,307-12-2875,+1 313-498-2091
Terra Fuchs,220-73-6441,+1 423-774-4273
Ivy Levesque,587-01-1589,+1 505-675-8848
Kelly Ogle,516-19-9506,+1 505-475-9041
Keanna Burleson,530-73-1615,+1 214-756-0586
Tristen Haley,503-25-7856,+1 212-345-5677
Ileana Russo,038-52-0844,+1 419-933-1110
Rodrigo McMullen,517-41-8662,+1 314-455-5713
Austen Henry,503-86-9655,+1 505-698-8164
Karime Benavides,375-01-1407,+1 386-565-7057
Sergio Balderas,663-05-7453,+1 505-602-9653
Kristine Whitaker,474-68-4276,+1 209-938-9328
Tommy Lee,306-38-2149,+1 505-646-2539
Treasure Tovar,421-37-6386,+1 505-646-1353
Mohammed Bender,181-86-3033,+1 505-671-1604
Javen Prado,221-94-2552,+1 318-384-8846
Jabari Lenz,530-75-3509,+1 505-646-4669
Reanna Logan,517-82-3400,+1 505-617-4118
Tanisha McCall,006-46-6521,+1 612-808-2649
Makenzie Webber,018-80-6107,+1 315-588-7480
Lara Prado,421-58-8769,+1 217-493-2478
Dahlia Blake,767-30-9373,+1 210-610-1963
Jovany Scarborough,519-31-5206,+1 505-763-6409
Kailee Chiu,487-98-7842,+1 505-672-0551
Dangelo Murillo,594-94-3177,+1 315-905-6230
Grant Cutler,219-84-8411,+1 505-646-9248
Jayde Arellano,042-42-1671,+1 505-644-5248
Jayvon Childress,498-52-4061,+1 318-749-9537
Benny Christensen,416-53-3511,+1 505-944-3925
Brannon Reagan,496-54-8348,+1 402-757-9301
Killian Branch,154-52-8470,+1 202-506-1946
Trent Sauer,317-11-8822,+1 219-577-6117
Ervin Tyler,516-09-7083,+1 505-474-6350
Jalyn Lemay,688-05-4746,+1 419-574-7337
Johnathan Voss,483-84-3370,+1 229-751-1545
Lizet Reis,345-12-0267,+1 608-311-8066
Mohammed Shackelford,153-10-8699,+1 323-203-8984
Cordell Stephen,386-27-5065,+1 201-845-6029
Samir Phipps,250-85-4789,+1 505-996-5240
Eddy Ellison,521-47-0124,+1 303-905-3715
Hazel Gant,676-01-2448,+1 505-576-7908
Marcos Sells,652-42-0573,+1 207-872-1422
Aldo Capps,522-22-2098,+1 618-606-5458
Tanner Stuart,001-94-9995,+1 505-646-8593
Jameson Boland,518-57-1537,+1 212-340-1725
Tyron Colby,153-40-2138,+1 210-545-8208
Jarrod McGee,651-50-8481,+1 505-646-1624
Baylor Santana,524-61-6773,+1 505-451-4142
Gary Doss,765-04-5982,+1 309-575-1127
Nia Chisholm,554-08-9190,+1 505-644-5608
Clare Langford,426-93-2925,+1 406-946-4123
Brad Parkinson,139-90-2516,+1 209-737-9578
Kayden Blackmon,222-88-0929,+1 505-644-1191
Mauricio Quezada,304-29-6523,+1 505-644-8840
Keana Harmon,367-74-2974,+1 505-814-3760
Celia Palma,649-16-6740,+1 505-646-7714
Megan Sargent,478-98-7586,+1 307-478-3130
Jamaal Weiner,042-44-1677,+1 218-771-8819
Ashanti Berman,177-12-3381,+1 209-547-4453
Ignacio Hair,420-53-9047,+1 505-646-1373
Notnamed Mathews,058-28-2140,+1 214-281-0597
Colton Gilbertson,421-82-3460,+1 505-688-7827
Tyron Corona,437-59-6564,+1 505-679-8469
Derrick Shepard,035-30-1164,+1 212-456-5725
Molly Nielson,335-54-4251,+1 505-607-7879
Ashly Meredith,154-52-2635,+1 505-676-6389
Dionte Holmes,506-25-6756,+1 336-680-1383
Jose Carrera,407-08-1397,+1 229-699-8112
Jordi Mitchell,762-07-8361,+1 234-492-5724
Fabian Stanton,419-56-8785,+1 505-644-2497
Daysha StClair,374-54-3468,+1 505-973-2647
Matthias Downing,679-03-4911,+1 309-439-6969
Donte Bergeron,518-55-2166,+1 505-646-0643
Marlen Montoya,501-70-0208,+1 505-658-6607
Marisol Gomes,315-19-7618,+1 505-644-2813
Kalee Luttrell,111-74-4758,+1 505-644-6872
Jaida Shipman,377-78-4574,+1 256-388-7495
Willie Shaver,659-03-3003,+1 319-591-4401
Amy Lumpkin,680-70-3325,+1 417-364-8065
Kaylah Strom,576-86-0735,+1 505-885-0945
Izabella Orr,600-63-1114,+1 505-646-3686
Stefani Hodge,139-72-0243,+1 269-252-6949
Louis Sells,518-85-2945,+1 502-851-5896
Kristin Brito,521-75-9396,+1 505-646-2229
Kasey Benitez,423-08-3494,+1 505-865-1043
Dallas Calvert,218-33-3543,+1 405-620-0821
Sabastian Lauer,521-58-3477,+1 305-574-5183
Leyla Cerda,556-27-4886,+1 240-613-3929
Aliana Atwell,316-38-5820,+1 505-644-7166
Kaylie Palermo,222-08-7823,+1 239-614-9557
Kristine Bain,751-10-2188,+1 505-268-0422
Ayanna Hood,247-79-9010,+1 505-660-6560
Ean Houghton,648-46-3495,+1 209-808-3339
Kaden Kimble,505-59-5359,+1 505-646-8823
Kaiya Weems,424-43-0871,+1 218-680-8406
Deontae Nevarez,502-80-0837,+1 505-646-4782
Richard Morin,574-27-2858,+1 505-646-7246
Xavier Cash,508-34-7746,+1 309-442-6968
Ayla Abbott,541-19-8874,+1 303-598-3191
Sage Lopes,517-78-3363,+1 503-334-7686
Stuart East,449-59-6538,+1 505-757-7079
Alexandro Hampton,213-21-8681,+1 240-349-0303
Johnathan Swan,672-32-1845,+1 505-646-5451
Benjamin Danner,405-17-3518,+1 505-673-5780
Perla Chisholm,680-46-3697,+1 505-800-7582
Kobi Wynn,478-66-9312,+1 815-918-6550
Nyasia Urbina,429-83-2274,+1 505-639-3811
Wesley Ramos,363-20-7021,+1 317-804-9409
Violet Wooten,505-74-0737,+1 434-412-9820
Cassie Gilliam,651-18-4957,+1 218-311-1058
Darrion Schott,317-26-1572,+1 510-785-2306
Frida Sharp,404-35-9021,+1 505-646-1084
Frankie Adams,503-10-9729,+1 505-644-0238
Pranav Wahl,009-68-4985,+1 612-735-9375
Katheryn Hemphill,574-53-4740,+1 201-512-4801
Jami Coughlin,509-34-3501,+1 505-646-6389
Stefani Gibbs,222-34-3147,+1 505-644-6786
Stacey Chavez,221-94-4625,+1 505-644-8870
Malorie Ferrell,304-12-5486,+1 505-700-3824
Jayda Heckman,002-03-3281,+1 239-980-8538
Finn Patino,486-64-1747,+1 505-686-2054
Salvatore Jacobsen,042-40-9398,+1 505-364-1634
Michaela Shipley,616-24-5830,+1 505-623-8752
Tommy Dunbar,574-47-4188,+1 336-208-0773
Kolten Metz,518-53-9442,+1 505-678-2841
Kahlil Samuels,576-88-5683,+1 326-724-1417
Tayla Chavarria,656-26-6300,+1 505-646-9596
Colton Phillips,401-24-6476,+1 505-644-9811
Frances Sosa,525-57-2349,+1 505-825-5834
Mario Sandberg,651-58-5002,+1 415-549-3491
Sandy Castle,251-87-4522,+1 240-328-3632
Talia Alcantar,422-82-1487,+1 718-374-7845
Samara Corcoran,681-20-4572,+1 505-994-3409
Maeve Barclay,652-34-0536,+1 505-644-9047
Kerri McMahan,613-54-0858,+1 505-644-7159
Katia Nash,649-28-4801,+1 505-524-5081
Kristal Purdy,436-79-0602,+1 219-254-7198
Estevan Rush,512-62-0006,+1 505-718-7404
Milan Durant,525-82-6574,+1 505-646-3976
Leo Newell,440-19-4908,+1 267-397-6667
Zain Lincoln,679-12-6164,+1 505-754-2449
Katlynn Cardona,314-14-1638,+1 312-382-5475
Linda Chaffin,213-87-0460,+1 505-646-8727
Kenneth Lo,424-33-4508,+1 505-679-7272
Kaylin Sapp,507-53-4408,+1 505-960-3931
Lorenzo Faber,647-96-3769,+1 505-644-4663
Jonah Bush,383-80-3749,+1 208-390-4293
Alexia Buckner,005-46-9576,+1 505-646-9658
Jayme Erwin,381-26-6506,+1 505-644-1364
Laney Nye,771-09-6873,+1 505-302-3165
Andy Low,002-14-2863,+1 505-646-0856
Zachary Van,038-68-0441,+1 412-375-6880
Bruce Ko,283-01-2651,+1 505-687-7725
Rodney Salcedo,037-16-5124,+1 203-623-0264
Jamie Carl,474-52-0697,+1 207-579-4536
Ambria Wilkes,513-24-3729,+1 207-499-8677
Colby Mcmillen,518-12-4193,+1 505-258-9036
Shana Murrell,574-46-1489,+1 505-646-9890
Rylee Canales,661-01-2157,+1 210-766-5418
Racheal Handy,429-66-9220,+1 505-300-5014
Lorena Marrero,444-90-5609,+1 310-946-3347
Jeffrey Avery,358-36-6868,+1 505-646-7054
Marquis Titus,506-30-8934,+1 505-646-2481
Beatriz Villareal,510-64-5428,+1 505-269-6367
Claudio Winchester,142-18-6240,+1 505-646-0988
Cooper Waller,464-37-4269,+1 505-633-8997
Darrien Beers,041-10-5967,+1 505-646-5250
Brooke Carson,006-05-5902,+1 218-538-5321
Benito Mathews,316-24-9763,+1 505-606-3320
Kyree Maciel,524-26-8448,+1 321-978-6301
Johanna Singer,765-64-5841,+1 505-644-4743
Kayden Cole,304-66-8764,+1 505-663-8358
Loren Li,021-48-8429,+1 505-646-4137
Jessi Bray,405-50-2257,+1 505-644-2315
Alexi Hudgins,546-91-4674,+1 505-473-8001
Deangelo Wyatt,531-30-5159,+1 505-646-8918
Gabriela Kellogg,521-76-3608,+1 218-841-2255
Charlie Alley,015-36-9907,+1 304-235-4886
Darnell Pemberton,496-84-3849,+1 423-255-6429
Valentin Avery,516-49-6377,+1 505-644-8652
Jazmine Perryman,483-35-9797,+1 320-301-3965
Jaylynn Muller,574-03-7213,+1 501-281-3592
Nancy Lyons,323-80-3252,+1 330-786-8475
Elle Hostetler,575-51-1118,+1 339-944-4138
Brodie Layton,318-10-4076,+1 215-439-1641
Reynaldo Sam,663-05-7687,+1 505-284-7768
Marcanthony McGuire,315-84-9830,+1 301-241-8781
Barry Wilkinson,336-46-7839,+1 215-229-4424
Clarissa Nobles,002-48-7484,+1 203-229-3614
Shaniya March,493-16-2639,+1 505-644-3958
Ira Champagne,688-09-7624,+1 205-747-4487
Jaycee Lott,601-14-9699,+1 505-646-5652
Ambria Clough,518-12-0569,+1 505-644-6455
Jarrett Herron,416-01-9788,+1 239-782-5723
Raekwon Campbell,254-32-8655,+1 505-644-0624
Kacie Ennis,315-26-1751,+1 207-310-5801
Alex Ellis,680-60-8325,+1 218-780-3016
Eleazar Hwang,424-53-5371,+1 307-575-8388
Joseluis Stack,504-32-9521,+1 219-566-0143
Douglas Jacques,589-32-3268,+1 223-446-9313
Devyn Park,418-78-6450,+1 424-454-0839
Kelsea Fry,424-54-9235,+1 505-438-0989
Ayesha Young,417-50-4067,+1 419-671-5651
Claudia Littlejohn,558-22-6962,+1 318-853-0427
Virginia Yang,418-86-4890,+1 205-961-5181
Irvin Sun,680-66-8843,+1 505-644-1933
Dario Burroughs,430-19-4552,+1 505-348-5928
Whitney McDaniel,676-20-8621,+1 706-972-9102
Larry London,310-76-8973,+1 505-888-7818
Adia Earl,667-30-0723,+1 202-860-7376
Loren Bolin,405-57-3094,+1 505-730-9760
Kody Rosas,257-31-4969,+1 210-273-2470
Mikel Sargent,428-38-5345,+1 505-631-1633
Camron Haase,574-46-7837,+1 505-625-7217
Tiera Rasmussen,501-92-5039,+1 208-380-2153
Davon Randall,216-24-7770,+1 520-642-6203
Kyla Hussey,575-96-4168,+1 505-762-8785
Yulissa Arce,601-74-6696,+1 239-301-1656
Lisa Cazares,508-98-4669,+1 213-204-4520
Damon Fulton,502-21-7011,+1 223-734-0423
Christen Cullen,527-67-2610,+1 209-470-6464
Jacy Jaramillo,535-34-1840,+1 505-646-3304
Demarco Gilley,571-45-8280,+1 214-715-7189
Andreas Desantis,487-08-3456,+1 424-226-4400
Averi Brubaker,297-12-4589,+1 410-236-1446
Kavon Carroll,518-31-1470,+1 305-801-0675
Konner Rowan,518-43-9550,+1 323-926-8718
Juwan Aponte,011-52-3987,+1 505-694-7152
Tatyanna Creech,527-68-4684,+1 202-426-7006
Brant Woodward,574-22-3036,+1 203-717-8357
Omari Kimball,426-81-3525,+1 505-763-7987
Giovanny Carman,687-03-9735,+1 445-499-1421
Jelani Burden,434-35-0729,+1 224-496-6554
Bradley Mast,312-40-2489,+1 716-918-7414
Bianca Galindo,558-28-8022,+1 505-646-3672
Tanya Amador,593-95-6656,+1 207-763-9198
Lonnie Schroeder,574-33-4193,+1 505-646-2121
Graham Lemon,508-04-7795,+1 505-679-0845
Lazaro Nowak,222-05-3074,+1 505-646-5245
Xander Beltran,381-62-6431,+1 213-619-7833
Patricia Quintana,419-06-0201,+1 808-413-1433
Dakota Smyth,513-78-4995,+1 254-490-5898
Zahra Mead,422-86-4926,+1 240-553-8483
Madelin Engel,514-84-4217,+1 325-676-2457
Edgardo Stacy,042-46-3508,+1 505-400-6792
Stormy Gilbert,590-63-1364,+1 434-553-9543
Harley Pease,311-84-6117,+1 407-298-9695
Geovanni Hamlin,217-32-9728,+1 208-690-6894
Carlo New,507-74-6457,+1 505-258-2281
Caleb Glaser,427-05-9160,+1 503-983-8760
Marisol Hodge,364-26-9900,+1 219-962-6317
Irma Vincent,600-47-1635,+1 219-741-7260
Chyanne Choate,517-43-4416,+1 419-363-7142
Ericka Dorsey,367-86-0988,+1 205-842-4071
Pierce Hayes,480-21-5693,+1 505-646-3428
Lanie Sutherland,574-09-8791,+1 505-216-1819
Raymundo Ellsworth,574-06-1500,+1 510-570-2694
Dylon Cordell,222-54-5742,+1 505-797-2451
Jazmyn Boyd,516-58-3937,+1 325-660-4570
Jerome Early,502-21-0699,+1 326-684-8831
Kyndall Chapa,576-76-9174,+1 505-686-7764
Presley Giles,427-13-3489,+1 505-614-9584
Hadley Elam,043-28-8124,+1 213-648-8092
Melina Low,057-05-2300,+1 505-654-8059
Ajay Varela,222-62-2268,+1 203-846-3757
Gavyn Worthy,401-63-8416,+1 240-665-4302
Joy Frederick,518-98-1022,+1 505-287-3229
Stewart Brandenburg,377-80-0409,+1 201-459-0895
Aysha Webb,150-98-4738,+1 737-283-5123
Cesar Sander,422-15-9602,+1 304-932-7734
Cannon Mosier,259-92-7582,+1 215-557-6845
Zaire Fultz,671-10-7642,+1 505-398-4460
Lanie Horst,007-40-6134,+1 239-720-6304
Delanie Chau,680-22-0394,+1 303-709-6124
Rebeca Jankowski,652-30-2499,+1 505-808-6681
Raymond Baumgartner,252-06-2609,+1 216-416-1309
Alison Hay,616-83-3287,+1 206-983-4152
Tracy Tobin,255-19-6682,+1 425-415-1438
Dejon Dunne,005-36-2675,+1 505-953-5889
Louis Lambart,952-41-2891,+1 305-359-8589
Mikaela Ferrer,771-36-5249,+1 325-852-9542
Brendan StClair,574-41-1083,+1 505-955-2506
Reece Martinez,501-38-7549,+1 505-644-9770
Miguel Dykes,574-11-1740,+1 531-468-5373
Ariella Hardesty,429-59-3782,+1 201-568-4903
Bowen Scroggins,651-60-9554,+1 212-895-5548
Madalynn Bernier,653-36-1818,+1 213-782-0417
Alvaro Levesque,230-91-4789,+1 505-646-2219
Coleman Mcmurray,420-28-5362,+1 505-612-7548
Darrion Sells,679-09-5144,+1 216-453-9358
Auston Rizzo,478-43-1681,+1 505-629-0271
Magaly Melton,402-71-8597,+1 206-596-7288
Calvin Marcum,242-21-5843,+1 505-646-6578
Luc Christian,437-98-4121,+1 239-234-7887
Marisela Fagan,519-44-5240,+1 505-396-1746
Meredith Wells,227-19-4159,+1 505-646-5914
Christin Mata,678-01-8484,+1 505-646-8683
Kareem Neumann,297-60-4973,+1 326-562-9661
Luc Barney,221-38-6909,+1 219-617-4623
Makenzie Geary,401-90-8704,+1 350-528-2789
Cheyenne Dickson,036-66-9196,+1 210-923-1078
Kelsey Lai,216-90-6167,+1 205-770-9636
Octavio Herron,524-01-4586,+1 260-751-7541
Ivonne Head,519-36-5773,+1 505-646-8345
Riana Benson,486-52-3410,+1 350-488-0554
Brandyn Sanford,001-10-6498,+1 302-807-7262
Davis Howe,143-10-2436,+1 505-644-8931
Dillan Pickens,469-55-6922,+1 212-892-5333
Jamarcus Reis,544-10-5936,+1 520-427-2505
Ashlynn Tipton,417-13-0540,+1 303-464-0909
Xander Arndt,574-22-1098,+1 410-449-0847
Willie Coyle,525-16-4905,+1 219-815-0733
Jon Hensley,112-90-6831,+1 505-202-5733
Adrienne Gough,603-35-3430,+1 352-221-9957
Johnny Ruggiero,506-58-0269,+1 505-919-9833
Gregorio Cardenas,401-05-8214,+1 541-575-5940
Bryon Stoltzfus,344-42-1399,+1 505-397-4521
Karah Breedlove,530-97-1809,+1 505-216-9242
Maci Coburn,222-66-2714,+1 505-646-1951
Bernadette Brito,405-03-3573,+1 207-302-0658
Princess Stoddard,040-04-1767,+1 505-633-0159
Dustin Richmond,221-32-7145,+1 505-554-5260
Brigid Box,519-48-9277,+1 208-477-5369
Edgar Nolen,507-80-9303,+1 505-651-9936
Hattie Coburn,548-51-7558,+1 505-889-6022
Kameron Spurlock,524-38-2816,+1 505-337-4608
Ireland Christy,004-40-0970,+1 203-821-8128
Yazmin Joy,244-64-8378,+1 505-624-6202
Giovanny Vinson,312-33-6280,+1 207-563-9373
Alexia Bustamante,575-79-4878,+1 214-392-4975
Bree Calloway,478-17-0822,+1 402-510-2930
Johanna Poore,525-26-6028,+1 505-274-9910
Christopher Tran,431-23-1784,+1 505-644-4789
Ciana Madison,697-05-7683,+1 505-495-3686
Marquise Hubbard,001-56-4665,+1 316-443-1236
Israel Landon,428-67-0697,+1 252-890-6516
Marcel Culpepper,433-30-4533,+1 213-226-6272
Zoey Dorsey,144-04-1539,+1 505-646-7935
Chassidy Mahan,483-35-6230,+1 216-825-8359
Tania Ulrich,242-62-7475,+1 319-746-8085
Bruno Snell,305-78-2215,+1 239-721-5257
Lucy Courtney,652-38-3904,+1 505-231-4230
Marisa Darnell,768-62-7955,+1 917-948-0155
Neo Schreiber,526-88-7914,+1 505-328-4734
Jesse Barragan,518-57-1364,+1 505-590-7226
Izaiah Herndon,498-25-9623,+1 505-226-5368
Starr Vest,431-23-7357,+1 505-661-2062
Bernard France,440-17-0813,+1 307-977-6906
Christen Martin,247-27-4791,+1 505-646-7997
Pierre Burden,505-53-3742,+1 505-656-0060
Braeden Chen,219-18-6904,+1 402-349-3351
Donnie Cummings,306-30-4367,+1 505-805-1422
Cielo Nunez,422-13-9574,+1 303-642-7934
Haleigh Crouch,574-01-9831,+1 505-254-2951
Noor Echols,222-96-5801,+1 505-644-7848
Casey Hewitt,410-57-5732,+1 215-348-0232
Tanya Pham,601-23-1392,+1 304-629-8107
Liberty Willard,444-76-8409,+1 352-906-0366
Bonnie Hawk,499-32-2659,+1 505-881-2677
Cristian Goad,473-22-8186,+1 417-394-8256
Joanne Tyree,275-74-2305,+1 208-332-8969
Myra Steed,212-54-8736,+1 424-223-7944
Cooper Briggs,530-46-9774,+1 505-792-1331
Shlomo Clapp,469-21-3822,+1 214-412-3254
Lilia Angeles,222-34-0468,+1 231-941-5561
Yisroel Peyton,468-56-4604,+1 209-607-7153
Brenna Angulo,574-03-6353,+1 207-669-6543
Tre Hurt,222-02-7493,+1 505-493-4715
Taj Howard,142-64-4538,+1 505-681-7543
Campbell Hill,037-70-2826,+1 404-258-1494
Tyrique Morgan,116-01-8631,+1 305-993-7998
Marla Calvert,472-11-7353,+1 505-621-2417
Alyson Barber,041-54-2890,+1 505-646-9944
Libby Berg,379-82-9389,+1 505-738-9210
Kallie York,528-23-6494,+1 320-809-1949
Juana Reinhart,046-48-4530,+1 505-499-9271
Yousef Metcalf,589-30-7790,+1 219-808-0267
Camron Magana,027-54-7051,+1 702-717-3285
Brock Boehm,652-05-3205,+1 505-629-2461
Nikhil Delagarza,652-07-4766,+1 210-612-3338
Maliyah Quinn,267-13-3531,+1 725-808-0970
Francis Barker,429-90-9667,+1 215-608-3429
Jared Lockwood,677-14-5458,+1 505-292-0926
Nicolette Ford,680-66-3124,+1 213-255-6930
Terra Scruggs,546-61-8233,+1 505-646-9383
Natalya Sorrell,002-70-4767,+1 505-817-7126
Shianne Harlow,515-23-1221,+1 206-790-7837
Chase Sherman,006-04-2614,+1 312-456-2669
Thalia Curtis,485-24-2521,+1 305-592-8045
Marisol Swain,480-17-0532,+1 313-215-7329
Montana Harley,035-10-4417,+1 214-887-4440
Sophia Roe,585-53-4328,+1 505-646-8769
Alexandro McClendon,656-20-8872,+1 205-723-3260
Ariel Durant,524-18-7763,+1 505-644-4639
Flor Archer,591-94-3714,+1 214-382-8841
Kaitlynn Ballard,574-31-0480,+1 505-422-3048
Katelin Bunting,751-14-7469,+1 219-261-5944
Kimberly Jarrell,437-23-9811,+1 316-671-8877
Toby Adame,649-42-6357,+1 310-744-9136
Aubrey Waldron,765-92-6986,+1 315-853-7627
Maia Cuellar,222-38-4871,+1 202-838-6841
Jordon Gilbertson,515-96-6631,+1 308-392-5730
Jacklyn Mayes,590-33-1630,+1 505-602-2033
Korbin Ayres,337-26-2963,+1 505-646-8384
Madisen Beach,492-13-7891,+1 213-421-6383
Melody Warden,473-01-7260,+1 505-373-2047
Talia Faircloth,442-20-7440,+1 505-469-9175
Xiomara Sandlin,030-34-1517,+1 505-646-6370
Mitchel Helm,246-53-0326,+1 505-983-4173
Rochelle Kirkpatrick,678-05-3086,+1 505-616-6124
Alli Bethea,516-62-0868,+1 505-625-6243
Keanu Montoya,416-43-2605,+1 239-952-8573
Rosemarie Gorman,501-08-3973,+1 319-887-5380
Jamia Pierce,594-60-6612,+1 234-913-9988
Johnson Brandon,418-24-2651,+1 220-398-7110
Carrie Dunlap,212-50-1039,+1 505-646-8464
Berenice Smyth,483-64-8401,+1 207-509-6695
Tyshawn Upchurch,649-46-3067,+1 505-646-6471
Kent Healy,524-38-7202,+1 505-629-4988
Yesica Kidwell,215-19-1178,+1 321-501-4792
Chelsie Dawson,571-23-7730,+1 214-485-3558
Seamus Whelan,512-04-1496,+1 505-596-1187
Kole Lyons,765-32-9628,+1 505-644-5016
Jenifer Reedy,044-14-1261,+1 516-319-2856
Kendall Mcnulty,483-20-9699,+1 505-646-8647
Kelvin Gibbons,507-26-7091,+1 323-280-1118
Samantha Hearn,039-72-3164,+1 505-646-8146
Kayle Kroll,678-10-8828,+1 505-595-5378
Ava Mears,505-39-7878,+1 505-462-8884
Larry Luttrell,216-51-0314,+1 505-657-7263
Denzel Hinojosa,007-18-6739,+1 505-600-6254
Zavier Cosgrove,486-32-8399,+1 505-979-4590
Monica Angel,476-29-3660,+1 505-646-3817
Jillian Hurley,364-10-6309,+1 219-904-2681
Noelia Forsythe,600-99-3450,+1 215-555-6502
Reilly Gunn,475-13-1913,+1 505-644-6431
Lourdes Brinkman,308-23-4427,+1 212-611-0003
Killian Eubanks,222-64-1511,+1 210-817-0192
Rhett Padgett,403-24-8255,+1 505-644-8435
Jaidyn Crandall,233-43-7762,+1 203-886-5343
Pearl Hein,678-10-6481,+1 330-346-9485
Blaise Sandlin,659-18-1910,+1 302-714-2999
Lincoln Gaines,384-02-6925,+1 505-644-5071
Benny Ennis,574-78-6064,+1 214-692-7566
Russell Hill,003-02-6532,+1 505-669-9608
Bradley Worthy,029-62-8778,+1 209-448-6099
Destany Hudgins,263-93-3570,+1 307-825-7871
Brian Decker,005-03-8542,+1 505-886-9877
Morris Delong,420-32-5192,+1 407-438-9013
Orlando Carden,506-44-8989,+1 505-646-1157
Whitney Kinney,023-56-6793,+1 440-284-3325
Jordan Calloway,424-74-0198,+1 209-298-5942
Devan Falk,518-24-3916,+1 505-646-7936
Uriah Jasso,679-18-6076,+1 505-296-6594
Kourtney Haag,269-80-3762,+1 210-799-6494
Conrad Reeder,496-34-6793,+1 207-388-2379
Ivan Voss,221-06-7616,+1 505-622-6494
Ryland Gaston,343-24-9308,+1 615-264-8945
Drake Breeden,041-82-7696,+1 408-251-7161
Yousef Schwarz,141-08-4692,+1 505-637-0261
Evelin Chavez,275-88-8413,+1 423-298-2834
Camila McGovern,759-09-0719,+1 531-479-3239
Aileen Masters,501-44-9109,+1 228-940-7060
Draven Tisdale,047-94-5750,+1 216-388-7338
Garrison Saavedra,140-50-3505,+1 318-207-3051
Alfredo Aguirre,435-54-7859,+1 203-904-4693
Rodrigo Walsh,431-41-4236,+1 206-892-8634
Cameron Madden,471-72-6017,+1 505-666-7091
Eileen Gabriel,404-69-6843,+1 505-646-2330
Raul Sherman,014-12-8561,+1 910-993-7339
Kolton Weaver,474-32-1147,+1 231-908-5962
Theo Kemper,662-16-9589,+1 505-438-4841
Janaya Batchelor,482-44-1362,+1 505-849-7108
Analisa Gunn,038-30-5543,+1 404-710-8803
Penelope Haller,372-80-2966,+1 208-931-4938
Owen Boone,446-07-9705,+1 917-554-3986
Viridiana Maciel,751-07-6115,+1 231-537-7418
Rylie Bonilla,527-35-0105,+1 334-664-1329
Leon Gustafson,304-12-7113,+1 202-276-9957
Angelo Wilkinson,430-77-6639,+1 505-646-3056
Sage Manley,443-07-7069,+1 505-840-0630
Jailyn Padron,498-88-0689,+1 505-644-4232
# FAKE Employee ?
